{
  "active_days_7d": {
    "fill_value": 1.0,
    "p01": 1.0,
    "p99": 7.0,
    "mean": 2.220303103331179,
    "std": 1.8183485807212474
  },
  "no_bet_streak_days": {
    "fill_value": 0.0,
    "p01": 0.0,
    "p99": 58.0,
    "mean": 2.772343874946598,
    "std": 8.7357285768614
  },
  "bet_frequency_day_median": {
    "fill_value": 1.0,
    "p01": 0.0,
    "p99": 386.3799723756931,
    "mean": 12.375608945343773,
    "std": 48.3245327593368
  },
  "bet_amount_ratio_today_vs_history": {
    "fill_value": 1.0,
    "p01": 0.00212036706804802,
    "p99": 28.766197671729284,
    "mean": 1.485940651676192,
    "std": 3.4938309542230734
  },
  "bet_count_ratio_today_vs_history": {
    "fill_value": 1.0,
    "p01": 0.0032873109796186,
    "p99": 22.067753861321084,
    "mean": 1.3312135935945006,
    "std": 2.68800496440493
  },
  "avg_bet_one_time_today_log": {
    "fill_value": 0.7187944480730241,
    "p01": 0.6931471805599453,
    "p99": 3.503898404875584,
    "mean": 1.011831774337973,
    "std": 0.5317050350545541
  },
  "rtp_7d": {
    "fill_value": 0.9013216730835845,
    "p01": 0.0,
    "p99": 2.8452106993424993,
    "mean": 0.7981985914482154,
    "std": 0.4830533012702474
  },
  "profit_today_to_bet_today_ratio": {
    "fill_value": -0.298969072164948,
    "p01": -1.0,
    "p99": 2.5370042872454444,
    "mean": -0.30605039161393893,
    "std": 0.5951888449046118
  },
  "max_consecutive_loss_count_today": {
    "fill_value": 251.0,
    "p01": 1.0,
    "p99": 23813.900000000023,
    "mean": 1543.387376354216,
    "std": 3615.7561063380977
  },
  "current_balance_to_avg_bet_ratio": {
    "fill_value": 14.709653099723479,
    "p01": 0.0,
    "p99": 5680.044449446943,
    "mean": 435.5601291261727,
    "std": 933.7077276715746
  }
}