{
  "bet_days_7d": {
    "fill_value": 1.0,
    "p01": 1.0,
    "p99": 7.0,
    "mean": 2.2212753133713243,
    "std": 1.8186839511141029
  },
  "no_bet_streak_days": {
    "fill_value": 0.0,
    "p01": 0.0,
    "p99": 58.0,
    "mean": 2.7849581764327387,
    "std": 8.765547706204414
  },
  "bet_interval_day": {
    "fill_value": 1.0,
    "p01": 0.0,
    "p99": 385.5154048582992,
    "mean": 12.368691030287936,
    "std": 48.24890497802995
  },
  "bet_amount_ratio_today_vs_history": {
    "fill_value": 1.0,
    "p01": 0.002112676612184044,
    "p99": 28.780566233227873,
    "mean": 1.485496330593335,
    "std": 3.494911183236542
  },
  "bet_count_ratio_today_vs_history": {
    "fill_value": 1.0,
    "p01": 0.0032625519876498246,
    "p99": 22.124350877192786,
    "mean": 1.3313379298357906,
    "std": 2.693620093117133
  },
  "avg_bet_one_time_today_log": {
    "fill_value": 0.7191132331344391,
    "p01": 0.6931471805599453,
    "p99": 3.5033998780452333,
    "mean": 1.0119613802380274,
    "std": 0.5316766472772814
  },
  "rtp_7_bet_days": {
    "fill_value": 0.9014084507042254,
    "p01": 0.0,
    "p99": 2.8451327718735917,
    "mean": 0.7984318271151645,
    "std": 0.4829471273655708
  },
  "rtp_day": {
    "fill_value": 0.700567888487352,
    "p01": 0.0,
    "p99": 3.5403109303994214,
    "mean": 0.6937702740011704,
    "std": 0.5955147776675842
  },
  "max_consecutive_loss_count_today": {
    "fill_value": 55.0,
    "p01": 1.0,
    "p99": 739.0,
    "mean": 107.4449994977371,
    "std": 140.22912568308098
  },
  "current_balance_max_to_avg_bet_ratio": {
    "fill_value": 14.961308750973734,
    "p01": 0.0,
    "p99": 5685.613238925178,
    "mean": 435.89976072885344,
    "std": 934.1817878936787
  }
}