hmm_state,rows,users,active_days_7d_mean,no_bet_streak_days_mean,bet_frequency_day_median_mean,bet_amount_ratio_today_vs_history_median,bet_count_ratio_today_vs_history_median,avg_bet_one_time_today_log_mean,rtp_7d_mean,profit_today_to_bet_today_ratio_mean,max_consecutive_loss_count_today_median,current_balance_to_avg_bet_ratio_median,bet_count_today_median,bet_amount_today_median,churn7_rate,next_gap_days_mean,state_duration_median,row_share,label
0,175318,123373,1.631538119303209,2.911378181361868,1.079066264879978,0.0966345776131942,0.1231866680804823,0.8185488569032014,0.6100495980815354,-0.5641110283074612,72.0,88.0,78.0,97.0,0.7332773129276026,9.269876126996891,1.0,0.4801180865164478,低频试探状态
2,38602,21296,1.994663488938397,13.733744365576912,11.614722993391888,3.533333333333333,3.0941637695095787,1.2276077669692576,0.9434228217605877,-0.012595272972989607,1526.0,976.901410256412,1641.0,3273.0,0.40894568690095845,5.527603581397035,1.0,0.10571372235428146,低频回访状态
3,71097,36351,2.767092844986427,0.7864466855141568,134.46947354248886,0.30272514215353485,0.31288203479225934,1.28925746288757,1.2377191960083884,0.23219087228317356,245.0,300.0274489896608,263.0,566.0,0.4031327048585932,3.9050701864655353,1.0,0.1947030858044233,低频试探状态
1,80139,36388,3.1319207876314903,0.04849074732652017,4.4151377760174695,0.986873508353222,0.9919137466307276,1.1182096923441078,0.9826776355185167,-0.04082337983096432,2447.0,1028.0239112344193,2686.0,4686.0,0.3152862588121311,2.743508142329959,1.0,0.21946510532484748,稳定活跃状态
