hmm_state,bet_days_7d_z,no_bet_streak_days_z,bet_interval_day_z,bet_amount_ratio_today_vs_history_z,bet_count_ratio_today_vs_history_z,avg_bet_one_time_today_log_z,rtp_7_bet_days_z,rtp_day_z,max_consecutive_loss_count_today_z,current_balance_max_to_avg_bet_ratio_z
0,1.1875565330941358,-0.30649426920020406,-0.050231379598052295,-0.08439446388650375,-0.07298989408031037,0.28438730403502316,0.3871767526832177,0.4098054995699745,0.9317791874149036,0.8301119444512253
1,-0.30191782936444067,0.5293094818034865,-0.2339220822627028,-0.25472346951943464,-0.2648254178189187,0.023637443782562995,0.2242312737455579,0.12462613052553409,-0.15655969973259906,-0.14499789075044178
2,1.0817488330673404,-0.24870662450191441,0.6555534461271073,-0.39987337330390404,-0.4546546406917484,-0.10476100139393188,0.2701529003279595,-0.5732802480514584,-0.3564898535782967,-0.3545287080482724
3,0.1199859939156599,0.536392561536459,0.5356019124410731,1.3690246282069682,1.3509544849763333,0.4362900716548371,0.3636218690670651,0.49779875526733214,0.5815496663184008,1.0632409927195348
