hmm_state,active_days_7d_z,no_bet_streak_days_z,bet_frequency_day_median_z,bet_amount_ratio_today_vs_history_z,bet_count_ratio_today_vs_history_z,avg_bet_one_time_today_log_z,rtp_7d_z,profit_today_to_bet_today_ratio_z,max_consecutive_loss_count_today_z,current_balance_to_avg_bet_ratio_z
0,0.888829182173307,1.5057575274811326,0.00036405310421678774,0.011863162490225943,0.020743672185908522,0.2670270757575197,0.5075750478009116,0.605539166933385,0.004634812449840512,0.030041239979575928
1,1.3948230694451746,0.0008186915365271855,0.01899055881717421,0.08315852956401701,0.1039235005379432,0.9625086586164561,0.04812293875554353,0.1118942867388994,2.696240359540337,1.9666222185480489
2,0.6106471405081993,3.0209150193303507,0.40054220814009606,5.609022759462678,5.356103290964719,1.5484195952435684,0.4189552265074482,0.6062952403623536,2.4761243525564827,2.746614697624004
3,1.1499496219983978,0.050280463225953,4.89741543711354,0.022162580631622224,0.03350191373307022,1.7976353745759848,0.8220355518714714,1.844884043292688,0.030571054268274264,0.28399530660509814
