hmm_state,active_days_7d_z,no_bet_streak_days_z,bet_frequency_day_median_z,bet_amount_ratio_today_vs_history_z,bet_count_ratio_today_vs_history_z,avg_bet_one_time_today_log_z,rtp_7d_z,profit_today_to_bet_today_ratio_z,max_consecutive_loss_count_today_z,current_balance_to_avg_bet_ratio_z
0,0.2015201376499778,0.30131748691302856,-0.23344608250995602,-0.33772703727861436,-0.3715722883245676,-0.2836592143862796,0.1407085705077976,-0.396770440416149,-0.36865442545359756,-0.3267986041010916
1,0.9875659550951184,-0.3096935953458001,-0.14465546508186863,-0.06887963527231192,-0.052332714505237014,0.2606956256284494,0.3995548933243818,0.44485020897880534,1.074515727806166,0.8294235280336475
2,-0.054633387456062006,0.9304472270823826,-0.05120262235418901,1.4641553367547309,1.4563162266789795,0.44143325331964905,0.3386362052224628,0.4734139359134415,0.7207946547803981,1.2377971880445477
3,0.754629453643482,-0.19390933222133122,1.0702129640403129,-0.2717429566149565,-0.29765252504319717,0.40549701813690664,0.408483396601117,0.2691790669575847,-0.2566632810812028,-0.017880093873372412
