,state_0,state_1,state_2,state_3
state_0,0.49267615362894834,0.08618926181399286,0.23830071715126436,0.18283386740579435
state_1,0.18766610708526946,0.5184358840156943,0.10788403142186595,0.18601397747717024
state_2,0.2849314258773841,0.2518917977638609,0.25854485120409987,0.20463192515465514
state_3,0.30049006890571545,0.1524741877244627,0.15012337810263887,0.39691236526718293
