,state_0,state_1,state_2,state_3
state_0,0.3817437201323788,0.1750504416087038,0.21576258702710485,0.22744325123181242
state_1,0.2763863637437983,0.3404880018184142,0.15646982862922346,0.22665580580856381
state_2,0.322807886439207,0.2514741900568296,0.19263994170639298,0.23307798179757044
state_3,0.33870162076238486,0.2032808456124927,0.18645598051497586,0.27156155311014646
