,state_0,state_1,state_2,state_3
state_0,0.4149195179127543,0.19095146328672757,0.2561096988325182,0.13801931996799988
state_1,0.2214740297222182,0.36476380240736284,0.18345537071228757,0.23030679715813135
state_2,0.27813693757538005,0.26728519934638684,0.28456667535488667,0.17001118772334625
state_3,0.3022411804606626,0.28291923886087134,0.22212132244463034,0.19271825823383557
