,state_0,state_1,state_2,state_3
state_0,0.5721272213822274,0.10579278856244441,0.22515189595163929,0.0969280941036889
state_1,0.11338667047325557,0.5018242303315839,0.11621354475607192,0.26857555443908865
state_2,0.21621124639853334,0.22327253653026255,0.4314790733406003,0.1290371437306037
state_3,0.27767074765280286,0.27922667587547056,0.18417037891105328,0.2589321975606732
